SET SQL_MODE = "NO_AUTO_VALUE_ON_ZERO";
START TRANSACTION;
SET time_zone = "+00:00";

--
-- Banco de dados: `db_mercado`
--
CREATE DATABASE IF NOT EXISTS `db_mercado` DEFAULT CHARACTER SET utf8mb4 COLLATE utf8mb4_general_ci;
USE `db_mercado`;

-- --------------------------------------------------------

--
-- Estrutura para tabela `cargo`
--

CREATE TABLE `cargo` (
  `Cod_Cargo` int(11) NOT NULL,
  `Nome_Cargo` varchar(50) NOT NULL,
  `Desc_Cargo` varchar(255) NOT NULL,
  `Salario_Cargo` float NOT NULL
) ENGINE=InnoDB DEFAULT CHARSET=utf8mb4 COLLATE=utf8mb4_general_ci;

--
-- Despejando dados para a tabela `cargo`
--

INSERT INTO `cargo` (`Cod_Cargo`, `Nome_Cargo`, `Desc_Cargo`, `Salario_Cargo`) VALUES
(1, 'Dono / Admnistrador', 'Dono do mercado, possui permissão para todo o sistema', 20000),
(2, 'Gerente', 'Capaz de gerenciar estoque, compras e clientes do minimercado', 10000),
(3, 'Operador de Caixa', 'Possui permissão para administrar Compras e cadastrar clientes no sistema', 2200);

-- --------------------------------------------------------

--
-- Estrutura para tabela `categoria_produto`
--

CREATE TABLE `categoria_produto` (
  `Cod_Categoria` int(11) NOT NULL,
  `Nome_Categoria` varchar(50) NOT NULL,
  `Desc_Categoria` varchar(255) NOT NULL
) ENGINE=InnoDB DEFAULT CHARSET=utf8mb4 COLLATE=utf8mb4_general_ci;

-- --------------------------------------------------------

--
-- Estrutura para tabela `cliente`
--

CREATE TABLE `cliente` (
  `Cod_Cli` int(11) NOT NULL,
  `Nome_Cli` varchar(255) NOT NULL,
  `Ativo_Clube` int(11) NOT NULL
) ENGINE=InnoDB DEFAULT CHARSET=utf8mb4 COLLATE=utf8mb4_general_ci;

--
-- Despejando dados para a tabela `cliente`
--

INSERT INTO `cliente` (`Cod_Cli`, `Nome_Cli`, `Ativo_Clube`) VALUES
(1, 'Cliente não Informado', 0);

-- --------------------------------------------------------

--
-- Estrutura para tabela `clube_fidelidade`
--

CREATE TABLE `clube_fidelidade` (
  `Cod_Cli` int(11) NOT NULL,
  `CPF_Clube` varchar(11) NOT NULL,
  `Email_Clube` varchar(100) DEFAULT NULL
) ENGINE=InnoDB DEFAULT CHARSET=utf8mb4 COLLATE=utf8mb4_general_ci;

-- --------------------------------------------------------

--
-- Estrutura para tabela `compra`
--

CREATE TABLE `compra` (
  `Cod_Compra` int(11) NOT NULL,
  `Cod_Func` int(11) NOT NULL,
  `Cod_Cli` int(11) NOT NULL,
  `Data_Compra` datetime NOT NULL,
  `Cod_Forma_Pag` int(11) NOT NULL
) ENGINE=InnoDB DEFAULT CHARSET=utf8mb4 COLLATE=utf8mb4_general_ci;

-- --------------------------------------------------------

--
-- Estrutura para tabela `fone_cli`
--

CREATE TABLE `fone_cli` (
  `Cod_Cli` int(11) NOT NULL,
  `Fone_Cli` varchar(11) NOT NULL
) ENGINE=InnoDB DEFAULT CHARSET=utf8mb4 COLLATE=utf8mb4_general_ci;

-- --------------------------------------------------------

--
-- Estrutura para tabela `fone_func`
--

CREATE TABLE `fone_func` (
  `Cod_Func` int(11) NOT NULL,
  `Fone_Func` varchar(11) NOT NULL
) ENGINE=InnoDB DEFAULT CHARSET=utf8mb4 COLLATE=utf8mb4_general_ci;

-- --------------------------------------------------------

--
-- Estrutura para tabela `forma_pag`
--

CREATE TABLE `forma_pag` (
  `Cod_Forma_Pag` int(11) NOT NULL,
  `Nome_Forma` varchar(50) NOT NULL
) ENGINE=InnoDB DEFAULT CHARSET=utf8mb4 COLLATE=utf8mb4_general_ci;

-- --------------------------------------------------------

--
-- Estrutura para tabela `fornecedor`
--

CREATE TABLE `fornecedor` (
  `Cod_Forn` int(11) NOT NULL,
  `Nome_Fantasia` varchar(100) NOT NULL,
  `CNPJ_Forn` varchar(14) NOT NULL,
  `Fone_Forn` varchar(11) NOT NULL,
  `Email_Forn` varchar(50) NOT NULL,
  `Nome_Resp` varchar(255) NOT NULL
) ENGINE=InnoDB DEFAULT CHARSET=utf8mb4 COLLATE=utf8mb4_general_ci;

-- --------------------------------------------------------

--
-- Estrutura para tabela `funcionario`
--

CREATE TABLE `funcionario` (
  `Cod_Func` int(11) NOT NULL,
  `Nome_Func` varchar(255) NOT NULL,
  `Nasc_Func` date NOT NULL,
  `CPF_Func` varchar(11) NOT NULL,
  `Cod_Cargo` int(11) NOT NULL,
  `Email_Func` varchar(50) NOT NULL,
  `Senha_Func` varchar(50) NOT NULL
) ENGINE=InnoDB DEFAULT CHARSET=utf8mb4 COLLATE=utf8mb4_general_ci;

--
-- Despejando dados para a tabela `funcionario`
--

INSERT INTO `funcionario` (`Cod_Func`, `Nome_Func`, `Nasc_Func`, `CPF_Func`, `Cod_Cargo`, `Email_Func`, `Senha_Func`) VALUES
(1, 'Luiz Gabriel Ferreira', '2008-01-25', '55555555555', 1, 'luiz.ferreira@nexo.com.br', '21232f297a57a5a743894a0e4a801fc3'),
(2, 'Rebeca de Moura Mendes', '2008-01-25', '44444444444', 1, 'rebeca.moura@nexo.com.br', '21232f297a57a5a743894a0e4a801fc3'),
(3, 'Vitor Daisuke Iwamoto', '2008-01-25', '33333333333', 1, 'vitor.iwamoto@nexo.com.br', '21232f297a57a5a743894a0e4a801fc3'),
(4, 'Gerente Teste', '2008-01-25', '11111111111', 2, 'gerente.teste@nexo.com.br', '740d9c49b11f3ada7b9112614a54be41'),
(5, 'Operador de Caixa Teste', '2008-01-25', '99999999999', 3, 'operador.teste@nexo.com.br', '06d4f07c943a4da1c8bfe591abbc3579');

-- --------------------------------------------------------

--
-- Estrutura para tabela `img_func`
--

CREATE TABLE `img_func` (
  `Cod_Func` int(11) NOT NULL,
  `Img_Func` blob NOT NULL
) ENGINE=InnoDB DEFAULT CHARSET=utf8mb4 COLLATE=utf8mb4_general_ci;

--
-- Despejando dados para a tabela `img_func`
--

INSERT INTO `img_func` (`Cod_Func`, `Img_Func`) VALUES
(1, 0xffd8ffe000104a46494600010200000100010000ffdb004300080606070605080707070909080a0c140d0c0b0b0c1912130f141d1a1f1e1d1a1c1c20242e2720222c231c1c2837292c30313434341f27393d38323c2e333432ffdb0043010909090c0b0c180d0d1832211c213232323232323232323232323232323232323232323232323232323232323232323232323232323232323232323232323232ffc00011080096009603012200021101031101ffc4001f0000010501010101010100000000000000000102030405060708090a0bffc400b5100002010303020403050504040000017d01020300041105122131410613516107227114328191a1082342b1c11552d1f02433627282090a161718191a25262728292a3435363738393a434445464748494a535455565758595a636465666768696a737475767778797a838485868788898a92939495969798999aa2a3a4a5a6a7a8a9aab2b3b4b5b6b7b8b9bac2c3c4c5c6c7c8c9cad2d3d4d5d6d7d8d9dae1e2e3e4e5e6e7e8e9eaf1f2f3f4f5f6f7f8f9faffc4001f0100030101010101010101010000000000000102030405060708090a0bffc400b51100020102040403040705040400010277000102031104052131061241510761711322328108144291a1b1c109233352f0156272d10a162434e125f11718191a262728292a35363738393a434445464748494a535455565758595a636465666768696a737475767778797a82838485868788898a92939495969798999aa2a3a4a5a6a7a8a9aab2b3b4b5b6b7b8b9bac2c3c4c5c6c7c8c9cad2d3d4d5d6d7d8d9dae2e3e4e5e6e7e8e9eaf2f3f4f5f6f7f8f9faffda000c03010002110311003f006514515ec9e0051451400525145001467145349a00426928a4a4004d213413484d21884d213413c53690c2909a09a693cd21813c5349a09a4a0028a4268a00d3a28a2b4202928a2800a3341a69340094c9258e252d238551dc9acdbed5c40e63b7019c7058f406b166b996e5b7cae49f4ec2b9aa62631d16aceaa58494f59688dc935ab5562143be3b8181517f6e444f30be3ea2b128ae6789a8762c25247431ead6b270cc53fde15695d1d7723065f506b94c53e2b896ddf746e57d4763571c4bfb48ce7835f659d45213556cef05dc6491b5c755ab04f35d4a4a4ae8e1945c5d9813c5349a09a4a620a4268278a6139a0009e68a693452b81b1494515a901466834d268010d54d46e0db5948ebf7cfcabec6ad5656ba7fd113fdff00e9595595a0da35a3152a89330aa516b70d6cd722094c0bc19361da3f1e95d47813c309afdfc97176b9b2b6c6e5e9e631e8bf4e326bd81aced9ed0da34119b72bb4c5b46dc7a62bc3a98850763e869d073573e72cd15e89e20f8672a3b5c688e1d0f3f6691b047fbaddff001ae16f74cbfd39f65e59cd037fd344207e75ac2a466b46673a728ee8ab452647ad5fb1d1b53d494b59585c4ea392c91923f3e954da5b9095f62ac12b4332ba1c1adc82e1675cf461d45603abc6e51d4aba9c1046083e95651d918329c115d787968d1c18c8ea99b74848a821b9132fa38ea2a426ba8e20269b413484d200ce28a69a2901b5466834d26b72043494514804cd666b63366a7d1c569135d07877c3b63af59deadf29651b550a9c153cf23dfa573e26a285272674e120e75a291bbf0fec96cfc1f6871f34fba563eb9271fa015d3d52d22c9b4ed1ed2cd9831822542c3be075abb5f333779367d5415a2905232ab8c32861e8466968a928adfd9f641b70b2b7ddfdef2973fcaac2a850028007a0a5a280b1e3df132c23b5f1225c46817ed516f603bb0e33f962b941f747d2bda75df0b5bebfacd95c5e64dadbc6e1901c17248c0fa706bcb3c49a7c5a5f88af6ca0cf951b8d809ce0101b1f86715ebe02aa6b93ad8f1332a6d5a5d2e65ab156054e0d684370251e8de959d4a095390706bd23ca35334dcd4314e24183f7aa526988427145368a046d93494515b1026690d04d21348621aeabc0f7a915f5c5a391fbe50cb9f55ce7f43fa57284f14e86792de749a2729221cab0ec6b1af4bdad370ee6d87aae8d453ec7b2d1591e1cd59f57d2c4d2ec13ab1470a303dbf4c56bd7cc4e0e127196e8faba735522a71d98514515258514514008ccaa859c80a064927802bc175cbf1aa6b9797abf7659495ff77a0fd00aed7e217892e61b83a35ac8ab13460ce40f9b9fe1cf618c67eb5e755ec60283847da3ea78598e214e5ecd74fcc28a28af44f30504839079ab514a1faf0d55280483906802e939a2a249430e700d14c47419a43413484d6a4086909a09e29b48614868269a4f348674fe09d485b6aad68e709723033d9874fd33fa57a28af21d11b6ebb627fe9baff3af5eaf0f3282555497547bf95cdca938be814514579c7a61515cdcc5696b2dc4ee122894bbb1ec054b5cafc429193c2530562a1a58d5b07a8cf4fd2ae9439e6a3dcceb4fd9d373ec794ea77f26a9aa5cdf4b90f3396c1ec3b0fc062aa51457d2a492b23e51b6ddd8514514c4145145001451450074a6909a09e29a4d6a4052506a17b8897ab8cfa526d2dc6937a224269ac40192702abb5e463a64d50beb969422f45f4cf5ac655e0969a9bc30d393d5591d8f80ede0d6bc54b01dc52089a6054e32cb8c7ea6bd5304704735e45f0aaec5b78eede363817114910fae377fecb5eeb756293e593e57fd0d7958a8cab7bdd8f6708e1457298f454b2dbcb09f9d481ea3a5458c9c0e4fa579cd34eccf4534d5d0566788b488b58f0e6a114bb82c50b4cac0e30ca0915bd069f2cb8320d8befd6a1f164b1e99e0bd5a451802d9d727b961b47f3ae9a14a5cca4f4b1cd5eac5c5c37b9f3706cd2d419c559d9c0c1af621593d24789570cd3bc06d14bb4fa518c56aa49ecce67094774251451544851451401d166928a6b360127a0ad492ade4e50796bd4f535429d2399242c7bd36bcda937395cf5e8d354e160aaf3fde1f4ab155e7ff0059f85666a5bd0b50fecad7ec2ff2408275763fece79fd335f532905410720f435f24d7d1de0fd465d73c0965343304b9f24c25c8ced75cae48fc01fc680323c4de3b9ac35392c74e4864110c48f2293f377039ed5816be3cd4ed65dfe4dac99ec508fcb9a8b5ff0007df6876df6c9678ee2267daccb9c827b9cd73f6f0b5cdcc5027de91c20fa938aed8d1a5249daf63d5a70a5c9a6a8f6df0eebb06bfa78b98d7cb914ed922273b0d729f1835116be124b20d86bc99548f555f98fea16b63c2de1293c3b7124cd7ed299136b46a985f63ef8feb5e6bf18354fb678a20b056cad943c81d99f04fe816b926a2a5eeec79b51454bdcd8f3cab69ca0fa554c1ab69c2015240ea4232314b4509db5426935664478a4a7b8e6995df09732b9e4d487249c428a28aa20df278aaf74fb606f7e2a626a95eb72abe9cd15a56832e8479aa2455a28a2bce3d70a86572ad80a3ea6a6a8675c80c3b500419cf35eb9f06356ca6a1a448dd08b8887e8dff00b2d791d741e08d5ffb13c5fa7ddb36d89a4f2a5f42adc73f4241fc2803d9fe234bb3c32107f1cebfa64d795c32b413c732fde8d830fa839af48f89d2edd36c62cfde998fe43ffaf5e675df875ee1ea6117eecfa08dc442d7ed05c08b66f2c7a018ce6be5cd6b517d5f5abdd41f39b8959c67b0ec3f01815ec5e27f107d93e13c3223fefef215b64fe4dfa035e1f5c2d59d8f324acda1eb232f4c62acab165048c554032401d4d5c0303148414514500230c8a8aa6a84f535d341e8d1c38b8eaa4145145741c66e567dc9ccec3d38a28acf13f09d183fe23f421a28a2b88f48290aee057d68a28029d1da8a2803d57c43ab4bac785fc33772e7cc92090b93dd815527ff001d27f1ae668a2bd0a1f023d6c37f09147c47ab4d7365a7e947221b21230ff68bb673f87f5ae7a8a2b8eafc6cf3ab7f11924032c4fa559a28accc828a28a002a26eb4515b50f88e6c57c02514515d679c7fffd9),
(2, 0xffd8ffe000104a46494600010200000100010000ffdb004300080606070605080707070909080a0c140d0c0b0b0c1912130f141d1a1f1e1d1a1c1c20242e2720222c231c1c2837292c30313434341f27393d38323c2e333432ffdb0043010909090c0b0c180d0d1832211c213232323232323232323232323232323232323232323232323232323232323232323232323232323232323232323232323232ffc00011080096009603012200021101031101ffc4001f0000010501010101010100000000000000000102030405060708090a0bffc400b5100002010303020403050504040000017d01020300041105122131410613516107227114328191a1082342b1c11552d1f02433627282090a161718191a25262728292a3435363738393a434445464748494a535455565758595a636465666768696a737475767778797a838485868788898a92939495969798999aa2a3a4a5a6a7a8a9aab2b3b4b5b6b7b8b9bac2c3c4c5c6c7c8c9cad2d3d4d5d6d7d8d9dae1e2e3e4e5e6e7e8e9eaf1f2f3f4f5f6f7f8f9faffc4001f0100030101010101010101010000000000000102030405060708090a0bffc400b51100020102040403040705040400010277000102031104052131061241510761711322328108144291a1b1c109233352f0156272d10a162434e125f11718191a262728292a35363738393a434445464748494a535455565758595a636465666768696a737475767778797a82838485868788898a92939495969798999aa2a3a4a5a6a7a8a9aab2b3b4b5b6b7b8b9bac2c3c4c5c6c7c8c9cad2d3d4d5d6d7d8d9dae2e3e4e5e6e7e8e9eaf2f3f4f5f6f7f8f9faffda000c03010002110311003f006514515ec9e0051451400525145001467145349a00426928a4a4004d213413484d21884d213413c53690c2909a09a693cd21813c5349a09a4a0028a4268a00d3a28a2b4202928a2800a3341a69340094c9258e252d238551dc9acdbed5c40e63b7019c7058f406b166b996e5b7cae49f4ec2b9aa62631d16aceaa58494f59688dc935ab5562143be3b8181517f6e444f30be3ea2b128ae6789a8762c25247431ead6b270cc53fde15695d1d7723065f506b94c53e2b896ddf746e57d4763571c4bfb48ce7835f659d45213556cef05dc6491b5c755ab04f35d4a4a4ae8e1945c5d9813c5349a09a4a620a4268278a6139a0009e68a693452b81b1494515a901466834d268010d54d46e0db5948ebf7cfcabec6ad5656ba7fd113fdff00e9595595a0da35a3152a89330aa516b70d6cd722094c0bc19361da3f1e95d47813c309afdfc97176b9b2b6c6e5e9e631e8bf4e326bd81aced9ed0da34119b72bb4c5b46dc7a62bc3a98850763e869d073573e72cd15e89e20f8672a3b5c688e1d0f3f6691b047fbaddff001ae16f74cbfd39f65e59cd037fd344207e75ac2a466b46673a728ee8ab452647ad5fb1d1b53d494b59585c4ea392c91923f3e954da5b9095f62ac12b4332ba1c1adc82e1675cf461d45603abc6e51d4aba9c1046083e95651d918329c115d787968d1c18c8ea99b74848a821b9132fa38ea2a426ba8e20269b413484d200ce28a69a2901b5466834d26b72043494514804cd666b63366a7d1c569135d07877c3b63af59deadf29651b550a9c153cf23dfa573e26a285272674e120e75a291bbf0fec96cfc1f6871f34fba563eb9271fa015d3d52d22c9b4ed1ed2cd9831822542c3be075abb5f333779367d5415a2905232ab8c32861e8466968a928adfd9f641b70b2b7ddfdef2973fcaac2a850028007a0a5a280b1e3df132c23b5f1225c46817ed516f603bb0e33f962b941f747d2bda75df0b5bebfacd95c5e64dadbc6e1901c17248c0fa706bcb3c49a7c5a5f88af6ca0cf951b8d809ce0101b1f86715ebe02aa6b93ad8f1332a6d5a5d2e65ab156054e0d684370251e8de959d4a095390706bd23ca35334dcd4314e24183f7aa526988427145368a046d93494515b1026690d04d21348621aeabc0f7a915f5c5a391fbe50cb9f55ce7f43fa57284f14e86792de749a2729221cab0ec6b1af4bdad370ee6d87aae8d453ec7b2d1591e1cd59f57d2c4d2ec13ab1470a303dbf4c56bd7cc4e0e127196e8faba735522a71d98514515258514514008ccaa859c80a064927802bc175cbf1aa6b9797abf7659495ff77a0fd00aed7e217892e61b83a35ac8ab13460ce40f9b9fe1cf618c67eb5e755ec60283847da3ea78598e214e5ecd74fcc28a28af44f30504839079ab514a1faf0d55280483906802e939a2a249430e700d14c47419a43413484d6a4086909a09e29b48614868269a4f348674fe09d485b6aad68e709723033d9874fd33fa57a28af21d11b6ebb627fe9baff3af5eaf0f3282555497547bf95cdca938be814514579c7a61515cdcc5696b2dc4ee122894bbb1ec054b5cafc429193c2530562a1a58d5b07a8cf4fd2ae9439e6a3dcceb4fd9d373ec794ea77f26a9aa5cdf4b90f3396c1ec3b0fc062aa51457d2a492b23e51b6ddd8514514c4145145001451450074a6909a09e29a4d6a4052506a17b8897ab8cfa526d2dc6937a224269ac40192702abb5e463a64d50beb969422f45f4cf5ac655e0969a9bc30d393d5591d8f80ede0d6bc54b01dc52089a6054e32cb8c7ea6bd5304704735e45f0aaec5b78eede363817114910fae377fecb5eeb756293e593e57fd0d7958a8cab7bdd8f6708e1457298f454b2dbcb09f9d481ea3a5458c9c0e4fa579cd34eccf4534d5d0566788b488b58f0e6a114bb82c50b4cac0e30ca0915bd069f2cb8320d8befd6a1f164b1e99e0bd5a451802d9d727b961b47f3ae9a14a5cca4f4b1cd5eac5c5c37b9f3706cd2d419c559d9c0c1af621593d24789570cd3bc06d14bb4fa518c56aa49ecce67094774251451544851451401d166928a6b360127a0ad492ade4e50796bd4f535429d2399242c7bd36bcda937395cf5e8d354e160aaf3fde1f4ab155e7ff0059f85666a5bd0b50fecad7ec2ff2408275763fece79fd335f532905410720f435f24d7d1de0fd465d73c0965343304b9f24c25c8ced75cae48fc01fc680323c4de3b9ac35392c74e4864110c48f2293f377039ed5816be3cd4ed65dfe4dac99ec508fcb9a8b5ff0007df6876df6c9678ee2267daccb9c827b9cd73f6f0b5cdcc5027de91c20fa938aed8d1a5249daf63d5a70a5c9a6a8f6df0eebb06bfa78b98d7cb914ed922273b0d729f1835116be124b20d86bc99548f555f98fea16b63c2de1293c3b7124cd7ed299136b46a985f63ef8feb5e6bf18354fb678a20b056cad943c81d99f04fe816b926a2a5eeec79b51454bdcd8f3cab69ca0fa554c1ab69c2015240ea4232314b4509db5426935664478a4a7b8e6995df09732b9e4d487249c428a28aa20df278aaf74fb606f7e2a626a95eb72abe9cd15a56832e8479aa2455a28a2bce3d70a86572ad80a3ea6a6a8675c80c3b500419cf35eb9f06356ca6a1a448dd08b8887e8dff00b2d791d741e08d5ffb13c5fa7ddb36d89a4f2a5f42adc73f4241fc2803d9fe234bb3c32107f1cebfa64d795c32b413c732fde8d830fa839af48f89d2edd36c62cfde998fe43ffaf5e675df875ee1ea6117eecfa08dc442d7ed05c08b66f2c7a018ce6be5cd6b517d5f5abdd41f39b8959c67b0ec3f01815ec5e27f107d93e13c3223fefef215b64fe4dfa035e1f5c2d59d8f324acda1eb232f4c62acab165048c554032401d4d5c0303148414514500230c8a8aa6a84f535d341e8d1c38b8eaa4145145741c66e567dc9ccec3d38a28acf13f09d183fe23f421a28a2b88f48290aee057d68a28029d1da8a2803d57c43ab4bac785fc33772e7cc92090b93dd815527ff001d27f1ae668a2bd0a1f023d6c37f09147c47ab4d7365a7e947221b21230ff68bb673f87f5ae7a8a2b8eafc6cf3ab7f11924032c4fa559a28accc828a28a002a26eb4515b50f88e6c57c02514515d679c7fffd9),
(3, 0xffd8ffe000104a46494600010200000100010000ffdb004300080606070605080707070909080a0c140d0c0b0b0c1912130f141d1a1f1e1d1a1c1c20242e2720222c231c1c2837292c30313434341f27393d38323c2e333432ffdb0043010909090c0b0c180d0d1832211c213232323232323232323232323232323232323232323232323232323232323232323232323232323232323232323232323232ffc00011080096009603012200021101031101ffc4001f0000010501010101010100000000000000000102030405060708090a0bffc400b5100002010303020403050504040000017d01020300041105122131410613516107227114328191a1082342b1c11552d1f02433627282090a161718191a25262728292a3435363738393a434445464748494a535455565758595a636465666768696a737475767778797a838485868788898a92939495969798999aa2a3a4a5a6a7a8a9aab2b3b4b5b6b7b8b9bac2c3c4c5c6c7c8c9cad2d3d4d5d6d7d8d9dae1e2e3e4e5e6e7e8e9eaf1f2f3f4f5f6f7f8f9faffc4001f0100030101010101010101010000000000000102030405060708090a0bffc400b51100020102040403040705040400010277000102031104052131061241510761711322328108144291a1b1c109233352f0156272d10a162434e125f11718191a262728292a35363738393a434445464748494a535455565758595a636465666768696a737475767778797a82838485868788898a92939495969798999aa2a3a4a5a6a7a8a9aab2b3b4b5b6b7b8b9bac2c3c4c5c6c7c8c9cad2d3d4d5d6d7d8d9dae2e3e4e5e6e7e8e9eaf2f3f4f5f6f7f8f9faffda000c03010002110311003f006514515ec9e0051451400525145001467145349a00426928a4a4004d213413484d21884d213413c53690c2909a09a693cd21813c5349a09a4a0028a4268a00d3a28a2b4202928a2800a3341a69340094c9258e252d238551dc9acdbed5c40e63b7019c7058f406b166b996e5b7cae49f4ec2b9aa62631d16aceaa58494f59688dc935ab5562143be3b8181517f6e444f30be3ea2b128ae6789a8762c25247431ead6b270cc53fde15695d1d7723065f506b94c53e2b896ddf746e57d4763571c4bfb48ce7835f659d45213556cef05dc6491b5c755ab04f35d4a4a4ae8e1945c5d9813c5349a09a4a620a4268278a6139a0009e68a693452b81b1494515a901466834d268010d54d46e0db5948ebf7cfcabec6ad5656ba7fd113fdff00e9595595a0da35a3152a89330aa516b70d6cd722094c0bc19361da3f1e95d47813c309afdfc97176b9b2b6c6e5e9e631e8bf4e326bd81aced9ed0da34119b72bb4c5b46dc7a62bc3a98850763e869d073573e72cd15e89e20f8672a3b5c688e1d0f3f6691b047fbaddff001ae16f74cbfd39f65e59cd037fd344207e75ac2a466b46673a728ee8ab452647ad5fb1d1b53d494b59585c4ea392c91923f3e954da5b9095f62ac12b4332ba1c1adc82e1675cf461d45603abc6e51d4aba9c1046083e95651d918329c115d787968d1c18c8ea99b74848a821b9132fa38ea2a426ba8e20269b413484d200ce28a69a2901b5466834d26b72043494514804cd666b63366a7d1c569135d07877c3b63af59deadf29651b550a9c153cf23dfa573e26a285272674e120e75a291bbf0fec96cfc1f6871f34fba563eb9271fa015d3d52d22c9b4ed1ed2cd9831822542c3be075abb5f333779367d5415a2905232ab8c32861e8466968a928adfd9f641b70b2b7ddfdef2973fcaac2a850028007a0a5a280b1e3df132c23b5f1225c46817ed516f603bb0e33f962b941f747d2bda75df0b5bebfacd95c5e64dadbc6e1901c17248c0fa706bcb3c49a7c5a5f88af6ca0cf951b8d809ce0101b1f86715ebe02aa6b93ad8f1332a6d5a5d2e65ab156054e0d684370251e8de959d4a095390706bd23ca35334dcd4314e24183f7aa526988427145368a046d93494515b1026690d04d21348621aeabc0f7a915f5c5a391fbe50cb9f55ce7f43fa57284f14e86792de749a2729221cab0ec6b1af4bdad370ee6d87aae8d453ec7b2d1591e1cd59f57d2c4d2ec13ab1470a303dbf4c56bd7cc4e0e127196e8faba735522a71d98514515258514514008ccaa859c80a064927802bc175cbf1aa6b9797abf7659495ff77a0fd00aed7e217892e61b83a35ac8ab13460ce40f9b9fe1cf618c67eb5e755ec60283847da3ea78598e214e5ecd74fcc28a28af44f30504839079ab514a1faf0d55280483906802e939a2a249430e700d14c47419a43413484d6a4086909a09e29b48614868269a4f348674fe09d485b6aad68e709723033d9874fd33fa57a28af21d11b6ebb627fe9baff3af5eaf0f3282555497547bf95cdca938be814514579c7a61515cdcc5696b2dc4ee122894bbb1ec054b5cafc429193c2530562a1a58d5b07a8cf4fd2ae9439e6a3dcceb4fd9d373ec794ea77f26a9aa5cdf4b90f3396c1ec3b0fc062aa51457d2a492b23e51b6ddd8514514c4145145001451450074a6909a09e29a4d6a4052506a17b8897ab8cfa526d2dc6937a224269ac40192702abb5e463a64d50beb969422f45f4cf5ac655e0969a9bc30d393d5591d8f80ede0d6bc54b01dc52089a6054e32cb8c7ea6bd5304704735e45f0aaec5b78eede363817114910fae377fecb5eeb756293e593e57fd0d7958a8cab7bdd8f6708e1457298f454b2dbcb09f9d481ea3a5458c9c0e4fa579cd34eccf4534d5d0566788b488b58f0e6a114bb82c50b4cac0e30ca0915bd069f2cb8320d8befd6a1f164b1e99e0bd5a451802d9d727b961b47f3ae9a14a5cca4f4b1cd5eac5c5c37b9f3706cd2d419c559d9c0c1af621593d24789570cd3bc06d14bb4fa518c56aa49ecce67094774251451544851451401d166928a6b360127a0ad492ade4e50796bd4f535429d2399242c7bd36bcda937395cf5e8d354e160aaf3fde1f4ab155e7ff0059f85666a5bd0b50fecad7ec2ff2408275763fece79fd335f532905410720f435f24d7d1de0fd465d73c0965343304b9f24c25c8ced75cae48fc01fc680323c4de3b9ac35392c74e4864110c48f2293f377039ed5816be3cd4ed65dfe4dac99ec508fcb9a8b5ff0007df6876df6c9678ee2267daccb9c827b9cd73f6f0b5cdcc5027de91c20fa938aed8d1a5249daf63d5a70a5c9a6a8f6df0eebb06bfa78b98d7cb914ed922273b0d729f1835116be124b20d86bc99548f555f98fea16b63c2de1293c3b7124cd7ed299136b46a985f63ef8feb5e6bf18354fb678a20b056cad943c81d99f04fe816b926a2a5eeec79b51454bdcd8f3cab69ca0fa554c1ab69c2015240ea4232314b4509db5426935664478a4a7b8e6995df09732b9e4d487249c428a28aa20df278aaf74fb606f7e2a626a95eb72abe9cd15a56832e8479aa2455a28a2bce3d70a86572ad80a3ea6a6a8675c80c3b500419cf35eb9f06356ca6a1a448dd08b8887e8dff00b2d791d741e08d5ffb13c5fa7ddb36d89a4f2a5f42adc73f4241fc2803d9fe234bb3c32107f1cebfa64d795c32b413c732fde8d830fa839af48f89d2edd36c62cfde998fe43ffaf5e675df875ee1ea6117eecfa08dc442d7ed05c08b66f2c7a018ce6be5cd6b517d5f5abdd41f39b8959c67b0ec3f01815ec5e27f107d93e13c3223fefef215b64fe4dfa035e1f5c2d59d8f324acda1eb232f4c62acab165048c554032401d4d5c0303148414514500230c8a8aa6a84f535d341e8d1c38b8eaa4145145741c66e567dc9ccec3d38a28acf13f09d183fe23f421a28a2b88f48290aee057d68a28029d1da8a2803d57c43ab4bac785fc33772e7cc92090b93dd815527ff001d27f1ae668a2bd0a1f023d6c37f09147c47ab4d7365a7e947221b21230ff68bb673f87f5ae7a8a2b8eafc6cf3ab7f11924032c4fa559a28accc828a28a002a26eb4515b50f88e6c57c02514515d679c7fffd9),
(4, 0xffd8ffe000104a46494600010200000100010000ffdb004300080606070605080707070909080a0c140d0c0b0b0c1912130f141d1a1f1e1d1a1c1c20242e2720222c231c1c2837292c30313434341f27393d38323c2e333432ffdb0043010909090c0b0c180d0d1832211c213232323232323232323232323232323232323232323232323232323232323232323232323232323232323232323232323232ffc00011080096009603012200021101031101ffc4001f0000010501010101010100000000000000000102030405060708090a0bffc400b5100002010303020403050504040000017d01020300041105122131410613516107227114328191a1082342b1c11552d1f02433627282090a161718191a25262728292a3435363738393a434445464748494a535455565758595a636465666768696a737475767778797a838485868788898a92939495969798999aa2a3a4a5a6a7a8a9aab2b3b4b5b6b7b8b9bac2c3c4c5c6c7c8c9cad2d3d4d5d6d7d8d9dae1e2e3e4e5e6e7e8e9eaf1f2f3f4f5f6f7f8f9faffc4001f0100030101010101010101010000000000000102030405060708090a0bffc400b51100020102040403040705040400010277000102031104052131061241510761711322328108144291a1b1c109233352f0156272d10a162434e125f11718191a262728292a35363738393a434445464748494a535455565758595a636465666768696a737475767778797a82838485868788898a92939495969798999aa2a3a4a5a6a7a8a9aab2b3b4b5b6b7b8b9bac2c3c4c5c6c7c8c9cad2d3d4d5d6d7d8d9dae2e3e4e5e6e7e8e9eaf2f3f4f5f6f7f8f9faffda000c03010002110311003f006514515ec9e0051451400525145001467145349a00426928a4a4004d213413484d21884d213413c53690c2909a09a693cd21813c5349a09a4a0028a4268a00d3a28a2b4202928a2800a3341a69340094c9258e252d238551dc9acdbed5c40e63b7019c7058f406b166b996e5b7cae49f4ec2b9aa62631d16aceaa58494f59688dc935ab5562143be3b8181517f6e444f30be3ea2b128ae6789a8762c25247431ead6b270cc53fde15695d1d7723065f506b94c53e2b896ddf746e57d4763571c4bfb48ce7835f659d45213556cef05dc6491b5c755ab04f35d4a4a4ae8e1945c5d9813c5349a09a4a620a4268278a6139a0009e68a693452b81b1494515a901466834d268010d54d46e0db5948ebf7cfcabec6ad5656ba7fd113fdff00e9595595a0da35a3152a89330aa516b70d6cd722094c0bc19361da3f1e95d47813c309afdfc97176b9b2b6c6e5e9e631e8bf4e326bd81aced9ed0da34119b72bb4c5b46dc7a62bc3a98850763e869d073573e72cd15e89e20f8672a3b5c688e1d0f3f6691b047fbaddff001ae16f74cbfd39f65e59cd037fd344207e75ac2a466b46673a728ee8ab452647ad5fb1d1b53d494b59585c4ea392c91923f3e954da5b9095f62ac12b4332ba1c1adc82e1675cf461d45603abc6e51d4aba9c1046083e95651d918329c115d787968d1c18c8ea99b74848a821b9132fa38ea2a426ba8e20269b413484d200ce28a69a2901b5466834d26b72043494514804cd666b63366a7d1c569135d07877c3b63af59deadf29651b550a9c153cf23dfa573e26a285272674e120e75a291bbf0fec96cfc1f6871f34fba563eb9271fa015d3d52d22c9b4ed1ed2cd9831822542c3be075abb5f333779367d5415a2905232ab8c32861e8466968a928adfd9f641b70b2b7ddfdef2973fcaac2a850028007a0a5a280b1e3df132c23b5f1225c46817ed516f603bb0e33f962b941f747d2bda75df0b5bebfacd95c5e64dadbc6e1901c17248c0fa706bcb3c49a7c5a5f88af6ca0cf951b8d809ce0101b1f86715ebe02aa6b93ad8f1332a6d5a5d2e65ab156054e0d684370251e8de959d4a095390706bd23ca35334dcd4314e24183f7aa526988427145368a046d93494515b1026690d04d21348621aeabc0f7a915f5c5a391fbe50cb9f55ce7f43fa57284f14e86792de749a2729221cab0ec6b1af4bdad370ee6d87aae8d453ec7b2d1591e1cd59f57d2c4d2ec13ab1470a303dbf4c56bd7cc4e0e127196e8faba735522a71d98514515258514514008ccaa859c80a064927802bc175cbf1aa6b9797abf7659495ff77a0fd00aed7e217892e61b83a35ac8ab13460ce40f9b9fe1cf618c67eb5e755ec60283847da3ea78598e214e5ecd74fcc28a28af44f30504839079ab514a1faf0d55280483906802e939a2a249430e700d14c47419a43413484d6a4086909a09e29b48614868269a4f348674fe09d485b6aad68e709723033d9874fd33fa57a28af21d11b6ebb627fe9baff3af5eaf0f3282555497547bf95cdca938be814514579c7a61515cdcc5696b2dc4ee122894bbb1ec054b5cafc429193c2530562a1a58d5b07a8cf4fd2ae9439e6a3dcceb4fd9d373ec794ea77f26a9aa5cdf4b90f3396c1ec3b0fc062aa51457d2a492b23e51b6ddd8514514c4145145001451450074a6909a09e29a4d6a4052506a17b8897ab8cfa526d2dc6937a224269ac40192702abb5e463a64d50beb969422f45f4cf5ac655e0969a9bc30d393d5591d8f80ede0d6bc54b01dc52089a6054e32cb8c7ea6bd5304704735e45f0aaec5b78eede363817114910fae377fecb5eeb756293e593e57fd0d7958a8cab7bdd8f6708e1457298f454b2dbcb09f9d481ea3a5458c9c0e4fa579cd34eccf4534d5d0566788b488b58f0e6a114bb82c50b4cac0e30ca0915bd069f2cb8320d8befd6a1f164b1e99e0bd5a451802d9d727b961b47f3ae9a14a5cca4f4b1cd5eac5c5c37b9f3706cd2d419c559d9c0c1af621593d24789570cd3bc06d14bb4fa518c56aa49ecce67094774251451544851451401d166928a6b360127a0ad492ade4e50796bd4f535429d2399242c7bd36bcda937395cf5e8d354e160aaf3fde1f4ab155e7ff0059f85666a5bd0b50fecad7ec2ff2408275763fece79fd335f532905410720f435f24d7d1de0fd465d73c0965343304b9f24c25c8ced75cae48fc01fc680323c4de3b9ac35392c74e4864110c48f2293f377039ed5816be3cd4ed65dfe4dac99ec508fcb9a8b5ff0007df6876df6c9678ee2267daccb9c827b9cd73f6f0b5cdcc5027de91c20fa938aed8d1a5249daf63d5a70a5c9a6a8f6df0eebb06bfa78b98d7cb914ed922273b0d729f1835116be124b20d86bc99548f555f98fea16b63c2de1293c3b7124cd7ed299136b46a985f63ef8feb5e6bf18354fb678a20b056cad943c81d99f04fe816b926a2a5eeec79b51454bdcd8f3cab69ca0fa554c1ab69c2015240ea4232314b4509db5426935664478a4a7b8e6995df09732b9e4d487249c428a28aa20df278aaf74fb606f7e2a626a95eb72abe9cd15a56832e8479aa2455a28a2bce3d70a86572ad80a3ea6a6a8675c80c3b500419cf35eb9f06356ca6a1a448dd08b8887e8dff00b2d791d741e08d5ffb13c5fa7ddb36d89a4f2a5f42adc73f4241fc2803d9fe234bb3c32107f1cebfa64d795c32b413c732fde8d830fa839af48f89d2edd36c62cfde998fe43ffaf5e675df875ee1ea6117eecfa08dc442d7ed05c08b66f2c7a018ce6be5cd6b517d5f5abdd41f39b8959c67b0ec3f01815ec5e27f107d93e13c3223fefef215b64fe4dfa035e1f5c2d59d8f324acda1eb232f4c62acab165048c554032401d4d5c0303148414514500230c8a8aa6a84f535d341e8d1c38b8eaa4145145741c66e567dc9ccec3d38a28acf13f09d183fe23f421a28a2b88f48290aee057d68a28029d1da8a2803d57c43ab4bac785fc33772e7cc92090b93dd815527ff001d27f1ae668a2bd0a1f023d6c37f09147c47ab4d7365a7e947221b21230ff68bb673f87f5ae7a8a2b8eafc6cf3ab7f11924032c4fa559a28accc828a28a002a26eb4515b50f88e6c57c02514515d679c7fffd9),
(5, 0xffd8ffe000104a46494600010200000100010000ffdb004300080606070605080707070909080a0c140d0c0b0b0c1912130f141d1a1f1e1d1a1c1c20242e2720222c231c1c2837292c30313434341f27393d38323c2e333432ffdb0043010909090c0b0c180d0d1832211c213232323232323232323232323232323232323232323232323232323232323232323232323232323232323232323232323232ffc00011080096009603012200021101031101ffc4001f0000010501010101010100000000000000000102030405060708090a0bffc400b5100002010303020403050504040000017d01020300041105122131410613516107227114328191a1082342b1c11552d1f02433627282090a161718191a25262728292a3435363738393a434445464748494a535455565758595a636465666768696a737475767778797a838485868788898a92939495969798999aa2a3a4a5a6a7a8a9aab2b3b4b5b6b7b8b9bac2c3c4c5c6c7c8c9cad2d3d4d5d6d7d8d9dae1e2e3e4e5e6e7e8e9eaf1f2f3f4f5f6f7f8f9faffc4001f0100030101010101010101010000000000000102030405060708090a0bffc400b51100020102040403040705040400010277000102031104052131061241510761711322328108144291a1b1c109233352f0156272d10a162434e125f11718191a262728292a35363738393a434445464748494a535455565758595a636465666768696a737475767778797a82838485868788898a92939495969798999aa2a3a4a5a6a7a8a9aab2b3b4b5b6b7b8b9bac2c3c4c5c6c7c8c9cad2d3d4d5d6d7d8d9dae2e3e4e5e6e7e8e9eaf2f3f4f5f6f7f8f9faffda000c03010002110311003f006514515ec9e0051451400525145001467145349a00426928a4a4004d213413484d21884d213413c53690c2909a09a693cd21813c5349a09a4a0028a4268a00d3a28a2b4202928a2800a3341a69340094c9258e252d238551dc9acdbed5c40e63b7019c7058f406b166b996e5b7cae49f4ec2b9aa62631d16aceaa58494f59688dc935ab5562143be3b8181517f6e444f30be3ea2b128ae6789a8762c25247431ead6b270cc53fde15695d1d7723065f506b94c53e2b896ddf746e57d4763571c4bfb48ce7835f659d45213556cef05dc6491b5c755ab04f35d4a4a4ae8e1945c5d9813c5349a09a4a620a4268278a6139a0009e68a693452b81b1494515a901466834d268010d54d46e0db5948ebf7cfcabec6ad5656ba7fd113fdff00e9595595a0da35a3152a89330aa516b70d6cd722094c0bc19361da3f1e95d47813c309afdfc97176b9b2b6c6e5e9e631e8bf4e326bd81aced9ed0da34119b72bb4c5b46dc7a62bc3a98850763e869d073573e72cd15e89e20f8672a3b5c688e1d0f3f6691b047fbaddff001ae16f74cbfd39f65e59cd037fd344207e75ac2a466b46673a728ee8ab452647ad5fb1d1b53d494b59585c4ea392c91923f3e954da5b9095f62ac12b4332ba1c1adc82e1675cf461d45603abc6e51d4aba9c1046083e95651d918329c115d787968d1c18c8ea99b74848a821b9132fa38ea2a426ba8e20269b413484d200ce28a69a2901b5466834d26b72043494514804cd666b63366a7d1c569135d07877c3b63af59deadf29651b550a9c153cf23dfa573e26a285272674e120e75a291bbf0fec96cfc1f6871f34fba563eb9271fa015d3d52d22c9b4ed1ed2cd9831822542c3be075abb5f333779367d5415a2905232ab8c32861e8466968a928adfd9f641b70b2b7ddfdef2973fcaac2a850028007a0a5a280b1e3df132c23b5f1225c46817ed516f603bb0e33f962b941f747d2bda75df0b5bebfacd95c5e64dadbc6e1901c17248c0fa706bcb3c49a7c5a5f88af6ca0cf951b8d809ce0101b1f86715ebe02aa6b93ad8f1332a6d5a5d2e65ab156054e0d684370251e8de959d4a095390706bd23ca35334dcd4314e24183f7aa526988427145368a046d93494515b1026690d04d21348621aeabc0f7a915f5c5a391fbe50cb9f55ce7f43fa57284f14e86792de749a2729221cab0ec6b1af4bdad370ee6d87aae8d453ec7b2d1591e1cd59f57d2c4d2ec13ab1470a303dbf4c56bd7cc4e0e127196e8faba735522a71d98514515258514514008ccaa859c80a064927802bc175cbf1aa6b9797abf7659495ff77a0fd00aed7e217892e61b83a35ac8ab13460ce40f9b9fe1cf618c67eb5e755ec60283847da3ea78598e214e5ecd74fcc28a28af44f30504839079ab514a1faf0d55280483906802e939a2a249430e700d14c47419a43413484d6a4086909a09e29b48614868269a4f348674fe09d485b6aad68e709723033d9874fd33fa57a28af21d11b6ebb627fe9baff3af5eaf0f3282555497547bf95cdca938be814514579c7a61515cdcc5696b2dc4ee122894bbb1ec054b5cafc429193c2530562a1a58d5b07a8cf4fd2ae9439e6a3dcceb4fd9d373ec794ea77f26a9aa5cdf4b90f3396c1ec3b0fc062aa51457d2a492b23e51b6ddd8514514c4145145001451450074a6909a09e29a4d6a4052506a17b8897ab8cfa526d2dc6937a224269ac40192702abb5e463a64d50beb969422f45f4cf5ac655e0969a9bc30d393d5591d8f80ede0d6bc54b01dc52089a6054e32cb8c7ea6bd5304704735e45f0aaec5b78eede363817114910fae377fecb5eeb756293e593e57fd0d7958a8cab7bdd8f6708e1457298f454b2dbcb09f9d481ea3a5458c9c0e4fa579cd34eccf4534d5d0566788b488b58f0e6a114bb82c50b4cac0e30ca0915bd069f2cb8320d8befd6a1f164b1e99e0bd5a451802d9d727b961b47f3ae9a14a5cca4f4b1cd5eac5c5c37b9f3706cd2d419c559d9c0c1af621593d24789570cd3bc06d14bb4fa518c56aa49ecce67094774251451544851451401d166928a6b360127a0ad492ade4e50796bd4f535429d2399242c7bd36bcda937395cf5e8d354e160aaf3fde1f4ab155e7ff0059f85666a5bd0b50fecad7ec2ff2408275763fece79fd335f532905410720f435f24d7d1de0fd465d73c0965343304b9f24c25c8ced75cae48fc01fc680323c4de3b9ac35392c74e4864110c48f2293f377039ed5816be3cd4ed65dfe4dac99ec508fcb9a8b5ff0007df6876df6c9678ee2267daccb9c827b9cd73f6f0b5cdcc5027de91c20fa938aed8d1a5249daf63d5a70a5c9a6a8f6df0eebb06bfa78b98d7cb914ed922273b0d729f1835116be124b20d86bc99548f555f98fea16b63c2de1293c3b7124cd7ed299136b46a985f63ef8feb5e6bf18354fb678a20b056cad943c81d99f04fe816b926a2a5eeec79b51454bdcd8f3cab69ca0fa554c1ab69c2015240ea4232314b4509db5426935664478a4a7b8e6995df09732b9e4d487249c428a28aa20df278aaf74fb606f7e2a626a95eb72abe9cd15a56832e8479aa2455a28a2bce3d70a86572ad80a3ea6a6a8675c80c3b500419cf35eb9f06356ca6a1a448dd08b8887e8dff00b2d791d741e08d5ffb13c5fa7ddb36d89a4f2a5f42adc73f4241fc2803d9fe234bb3c32107f1cebfa64d795c32b413c732fde8d830fa839af48f89d2edd36c62cfde998fe43ffaf5e675df875ee1ea6117eecfa08dc442d7ed05c08b66f2c7a018ce6be5cd6b517d5f5abdd41f39b8959c67b0ec3f01815ec5e27f107d93e13c3223fefef215b64fe4dfa035e1f5c2d59d8f324acda1eb232f4c62acab165048c554032401d4d5c0303148414514500230c8a8aa6a84f535d341e8d1c38b8eaa4145145741c66e567dc9ccec3d38a28acf13f09d183fe23f421a28a2b88f48290aee057d68a28029d1da8a2803d57c43ab4bac785fc33772e7cc92090b93dd815527ff001d27f1ae668a2bd0a1f023d6c37f09147c47ab4d7365a7e947221b21230ff68bb673f87f5ae7a8a2b8eafc6cf3ab7f11924032c4fa559a28accc828a28a002a26eb4515b50f88e6c57c02514515d679c7fffd9);

-- --------------------------------------------------------

--
-- Estrutura para tabela `marca`
--

CREATE TABLE `marca` (
  `Cod_Marca` int(11) NOT NULL,
  `Nome_Marca` varchar(50) NOT NULL
) ENGINE=InnoDB DEFAULT CHARSET=utf8mb4 COLLATE=utf8mb4_general_ci;

-- --------------------------------------------------------

--
-- Estrutura para tabela `produto`
--

CREATE TABLE `produto` (
  `Cod_Prod` int(11) NOT NULL,
  `Nome_Prod` varchar(255) NOT NULL,
  `Preco_Prod` float NOT NULL,
  `Quant_Estoque` int(11) NOT NULL,
  `Cod_Forn` int(11) NOT NULL,
  `Cod_Marca` int(11) NOT NULL,
  `Cod_Categoria` int(11) NOT NULL
) ENGINE=InnoDB DEFAULT CHARSET=utf8mb4 COLLATE=utf8mb4_general_ci;

-- --------------------------------------------------------

--
-- Estrutura para tabela `prod_compra`
--

CREATE TABLE `prod_compra` (
  `Cod_Compra` int(11) NOT NULL,
  `Cod_Prod` int(11) NOT NULL,
  `Quant_Prod` int(11) NOT NULL
) ENGINE=InnoDB DEFAULT CHARSET=utf8mb4 COLLATE=utf8mb4_general_ci;

--
-- Índices para tabelas despejadas
--

--
-- Índices de tabela `cargo`
--
ALTER TABLE `cargo`
  ADD PRIMARY KEY (`Cod_Cargo`);

--
-- Índices de tabela `categoria_produto`
--
ALTER TABLE `categoria_produto`
  ADD PRIMARY KEY (`Cod_Categoria`);

--
-- Índices de tabela `cliente`
--
ALTER TABLE `cliente`
  ADD PRIMARY KEY (`Cod_Cli`);

--
-- Índices de tabela `clube_fidelidade`
--
ALTER TABLE `clube_fidelidade`
  ADD UNIQUE KEY `CPF_Clube` (`CPF_Clube`),
  ADD KEY `Cod_Cli` (`Cod_Cli`);

--
-- Índices de tabela `compra`
--
ALTER TABLE `compra`
  ADD PRIMARY KEY (`Cod_Compra`),
  ADD KEY `Cod_Cli` (`Cod_Cli`),
  ADD KEY `Cod_Func` (`Cod_Func`),
  ADD KEY `Cod_Forma_Pag` (`Cod_Forma_Pag`);

--
-- Índices de tabela `fone_cli`
--
ALTER TABLE `fone_cli`
  ADD KEY `Cod_Cli` (`Cod_Cli`);

--
-- Índices de tabela `fone_func`
--
ALTER TABLE `fone_func`
  ADD KEY `Cod_Func` (`Cod_Func`);

--
-- Índices de tabela `forma_pag`
--
ALTER TABLE `forma_pag`
  ADD PRIMARY KEY (`Cod_Forma_Pag`);

--
-- Índices de tabela `fornecedor`
--
ALTER TABLE `fornecedor`
  ADD PRIMARY KEY (`Cod_Forn`);

--
-- Índices de tabela `funcionario`
--
ALTER TABLE `funcionario`
  ADD PRIMARY KEY (`Cod_Func`),
  ADD UNIQUE KEY `cpf_func` (`CPF_Func`),
  ADD KEY `Cod_Cargo` (`Cod_Cargo`);

--
-- Índices de tabela `img_func`
--
ALTER TABLE `img_func`
  ADD KEY `Cod_Func` (`Cod_Func`);

--
-- Índices de tabela `marca`
--
ALTER TABLE `marca`
  ADD PRIMARY KEY (`Cod_Marca`);

--
-- Índices de tabela `produto`
--
ALTER TABLE `produto`
  ADD PRIMARY KEY (`Cod_Prod`),
  ADD KEY `Cod_Forn` (`Cod_Forn`),
  ADD KEY `Cod_Marca` (`Cod_Marca`),
  ADD KEY `Cod_Categoria` (`Cod_Categoria`);

--
-- Índices de tabela `prod_compra`
--
ALTER TABLE `prod_compra`
  ADD KEY `Cod_Compra` (`Cod_Compra`),
  ADD KEY `Cod_Prod` (`Cod_Prod`);

--
-- AUTO_INCREMENT para tabelas despejadas
--

--
-- AUTO_INCREMENT de tabela `cargo`
--
ALTER TABLE `cargo`
  MODIFY `Cod_Cargo` int(11) NOT NULL AUTO_INCREMENT, AUTO_INCREMENT=4;

--
-- AUTO_INCREMENT de tabela `categoria_produto`
--
ALTER TABLE `categoria_produto`
  MODIFY `Cod_Categoria` int(11) NOT NULL AUTO_INCREMENT, AUTO_INCREMENT=2;

--
-- AUTO_INCREMENT de tabela `cliente`
--
ALTER TABLE `cliente`
  MODIFY `Cod_Cli` int(11) NOT NULL AUTO_INCREMENT, AUTO_INCREMENT=4;

--
-- AUTO_INCREMENT de tabela `compra`
--
ALTER TABLE `compra`
  MODIFY `Cod_Compra` int(11) NOT NULL AUTO_INCREMENT, AUTO_INCREMENT=29;

--
-- AUTO_INCREMENT de tabela `forma_pag`
--
ALTER TABLE `forma_pag`
  MODIFY `Cod_Forma_Pag` int(11) NOT NULL AUTO_INCREMENT, AUTO_INCREMENT=3;

--
-- AUTO_INCREMENT de tabela `fornecedor`
--
ALTER TABLE `fornecedor`
  MODIFY `Cod_Forn` int(11) NOT NULL AUTO_INCREMENT, AUTO_INCREMENT=2;

--
-- AUTO_INCREMENT de tabela `funcionario`
--
ALTER TABLE `funcionario`
  MODIFY `Cod_Func` int(11) NOT NULL AUTO_INCREMENT, AUTO_INCREMENT=6;

--
-- AUTO_INCREMENT de tabela `marca`
--
ALTER TABLE `marca`
  MODIFY `Cod_Marca` int(11) NOT NULL AUTO_INCREMENT, AUTO_INCREMENT=2;

--
-- AUTO_INCREMENT de tabela `produto`
--
ALTER TABLE `produto`
  MODIFY `Cod_Prod` int(11) NOT NULL AUTO_INCREMENT, AUTO_INCREMENT=5;

--
-- Restrições para tabelas despejadas
--

--
-- Restrições para tabelas `clube_fidelidade`
--
ALTER TABLE `clube_fidelidade`
  ADD CONSTRAINT `clube_fidelidade_ibfk_1` FOREIGN KEY (`Cod_Cli`) REFERENCES `cliente` (`Cod_Cli`);

--
-- Restrições para tabelas `compra`
--
ALTER TABLE `compra`
  ADD CONSTRAINT `compra_ibfk_1` FOREIGN KEY (`Cod_Cli`) REFERENCES `cliente` (`Cod_Cli`),
  ADD CONSTRAINT `compra_ibfk_2` FOREIGN KEY (`Cod_Func`) REFERENCES `funcionario` (`Cod_Func`),
  ADD CONSTRAINT `compra_ibfk_3` FOREIGN KEY (`Cod_Forma_Pag`) REFERENCES `forma_pag` (`Cod_Forma_Pag`);

--
-- Restrições para tabelas `fone_cli`
--
ALTER TABLE `fone_cli`
  ADD CONSTRAINT `fone_cli_ibfk_1` FOREIGN KEY (`Cod_Cli`) REFERENCES `cliente` (`Cod_Cli`);

--
-- Restrições para tabelas `fone_func`
--
ALTER TABLE `fone_func`
  ADD CONSTRAINT `fone_func_ibfk_1` FOREIGN KEY (`Cod_Func`) REFERENCES `funcionario` (`Cod_Func`);

--
-- Restrições para tabelas `funcionario`
--
ALTER TABLE `funcionario`
  ADD CONSTRAINT `funcionario_ibfk_1` FOREIGN KEY (`Cod_Cargo`) REFERENCES `cargo` (`Cod_Cargo`);

--
-- Restrições para tabelas `img_func`
--
ALTER TABLE `img_func`
  ADD CONSTRAINT `img_func_ibfk_1` FOREIGN KEY (`Cod_Func`) REFERENCES `funcionario` (`Cod_Func`);

--
-- Restrições para tabelas `produto`
--
ALTER TABLE `produto`
  ADD CONSTRAINT `produto_ibfk_1` FOREIGN KEY (`Cod_Forn`) REFERENCES `fornecedor` (`Cod_Forn`),
  ADD CONSTRAINT `produto_ibfk_2` FOREIGN KEY (`Cod_Marca`) REFERENCES `marca` (`Cod_Marca`),
  ADD CONSTRAINT `produto_ibfk_3` FOREIGN KEY (`Cod_Categoria`) REFERENCES `categoria_produto` (`Cod_Categoria`);

--
-- Restrições para tabelas `prod_compra`
--
ALTER TABLE `prod_compra`
  ADD CONSTRAINT `prod_compra_ibfk_1` FOREIGN KEY (`Cod_Compra`) REFERENCES `compra` (`Cod_Compra`),
  ADD CONSTRAINT `prod_compra_ibfk_2` FOREIGN KEY (`Cod_Prod`) REFERENCES `produto` (`Cod_Prod`);